{"train/loss": 0.0031, "train/grad_norm": 0.014667042531073093, "train/learning_rate": 2.390438247011952e-07, "train/epoch": 0.0007187350263536176, "train/global_step": 6, "_timestamp": 1747837768.647771, "_runtime": 46.6697678565979, "_step": 5}