{"train/loss": 31.2422, "train/grad_norm": 52.851016998291016, "train/learning_rate": 1.301454139786884e-08, "train/epoch": 0.9777192141830379, "train/global_step": 8162, "_timestamp": 1747871260.5800178, "_runtime": 33279.05065178871, "_step": 8161}