{"train/loss": 2.502, "train/grad_norm": 19.84762954711914, "train/learning_rate": 0.0, "train/epoch": 1.0, "train/global_step": 8348, "_timestamp": 1747791736.8182878, "_runtime": 33931.05762195587, "_step": 8348, "train_runtime": 33932.3082, "train_samples_per_second": 1.968, "train_steps_per_second": 0.246, "total_flos": 4.453076842672292e+17, "train_loss": 1.6416143189792605, "_wandb": {"runtime": 33935}}